Sl No, From Library,Import SubLibrary , Path,Applications,Comment,Info,
1,Pandas,,https://pandas.pydata.org/,,,,
2,NumPy,,,,,,
3,Scikit,,,,,,
4,matplot,,,,,,
5,matplotlib,,,,,,
5,pytorch,,,,,,
5,xgboost,,,,,,
5,jupyter,,,,,,
5,jupyterlab,,,,,,
5,seaborn,,,,,,
5,math,,,,,,
5,cv2,,,,,,
5,keras,,,,,,
5,tensorflow,,,,,,
5,sklearn,,,,,,
5,warnings,,,,,,
5,google.colab,,,,,,
5,json,,,,,,
5,tiktoken,,,,,,
5,langchain,,,,,,
5,huggingface_hub,,,,,,
5,llama_cpp,,,,,,
5,,,,,,,
5,,,,,,,
5,,,,,,,
5,,,,,,,
5,,,,,,,
5,,,,,,,
5,,,,,,,
5,,,,,,,
5,,,,,,,
5,,,,,,,
5,,,,,,,
5,,,,,,,
5,,,,,,,
5,,,,,,,
5,,,,,,,
